{"p0": {"0": {"1": 0.375, "2": 0.125, "3": 0.125, "4": 0.375}, "1": {"2": 0.5714285714285714, "3": 0.14285714285714285, "4": 0.14285714285714285, "5": 0.14285714285714285}, "2": {"2": 0.42857142857142855, "3": 0.2857142857142857, "4": 0.2857142857142857}, "3": {"2": 0.5, "3": 0.5}, "4": {"1": 0.25, "2": 0.375, "3": 0.25, "6": 0.125}, "5": {"1": 0.25, "2": 0.125, "3": 0.5, "4": 0.125}, "6": {"1": 0.14285714285714285, "2": 0.2857142857142857, "3": 0.14285714285714285, "4": 0.42857142857142855}, "7": {"1": 0.2857142857142857, "2": 0.14285714285714285, "3": 0.14285714285714285, "4": 0.2857142857142857, "5": 0.14285714285714285}, "8": {"1": 0.2857142857142857, "2": 0.2857142857142857, "4": 0.14285714285714285, "5": 0.2857142857142857}, "9": {"1": 0.125, "2": 0.375, "3": 0.375, "4": 0.125}, "10": {"1": 0.2857142857142857, "2": 0.2857142857142857, "3": 0.14285714285714285, "4": 0.14285714285714285, "7": 0.14285714285714285}, "11": {"1": 0.2857142857142857, "2": 0.14285714285714285, "3": 0.2857142857142857, "4": 0.14285714285714285, "6": 0.14285714285714285}, "12": {"1": 0.25, "2": 0.375, "3": 0.125, "4": 0.125, "5": 0.125}, "13": {"1": 0.375, "2": 0.25, "4": 0.25, "5": 0.125}, "14": {"1": 0.25, "2": 0.5, "4": 0.125, "6": 0.125}, "15": {"1": 0.2857142857142857, "3": 0.2857142857142857, "4": 0.42857142857142855}, "16": {"1": 0.42857142857142855, "4": 0.42857142857142855, "5": 0.14285714285714285}, "17": {"1": 0.25, "2": 0.375, "4": 0.375}, "18": {"1": 0.25, "2": 0.25, "3": 0.375, "5": 0.125}, "19": {"1": 0.125, "2": 0.5, "3": 0.25, "5": 0.125}, "20": {"1": 0.125, "2": 0.375, "3": 0.375, "4": 0.125}, "21": {"1": 0.125, "2": 0.375, "3": 0.375, "4": 0.125}, "22": {"1": 0.25, "2": 0.25, "3": 0.25, "4": 0.25}, "23": {"1": 0.14285714285714285, "2": 0.2857142857142857, "3": 0.2857142857142857, "4": 0.14285714285714285, "5": 0.14285714285714285}, "24": {"1": 0.25, "2": 0.25, "3": 0.375, "5": 0.125}, "25": {"1": 0.14285714285714285, "2": 0.42857142857142855, "3": 0.14285714285714285, "5": 0.2857142857142857}, "26": {"1": 0.25, "2": 0.25, "3": 0.375, "5": 0.125}, "27": {"1": 0.25, "2": 0.25, "3": 0.25, "4": 0.25}, "28": {"1": 0.125, "2": 0.375, "3": 0.375, "4": 0.125}, "29": {"1": 0.375, "2": 0.125, "3": 0.25, "4": 0.125, "5": 0.125}, "30": {"1": 0.5, "2": 0.125, "4": 0.125, "5": 0.25}, "31": {"1": 0.375, "2": 0.25, "3": 0.125, "5": 0.25}, "32": {"1": 0.14285714285714285, "2": 0.14285714285714285, "3": 0.5714285714285714, "5": 0.14285714285714285}, "33": {"1": 0.14285714285714285, "2": 0.14285714285714285, "3": 0.42857142857142855, "4": 0.2857142857142857}, "34": {"1": 0.14285714285714285, "2": 0.2857142857142857, "3": 0.14285714285714285, "4": 0.42857142857142855}, "35": {"1": 0.125, "2": 0.375, "3": 0.375, "4": 0.125}, "36": {"1": 0.25, "2": 0.25, "3": 0.375, "5": 0.125}, "37": {"1": 0.14285714285714285, "2": 0.2857142857142857, "3": 0.2857142857142857, "4": 0.14285714285714285, "5": 0.14285714285714285}, "38": {"1": 0.14285714285714285, "3": 0.7142857142857143, "4": 0.14285714285714285}, "39": {"1": 0.2857142857142857, "2": 0.14285714285714285, "3": 0.2857142857142857, "4": 0.14285714285714285, "6": 0.14285714285714285}, "40": {"1": 0.2857142857142857, "3": 0.5714285714285714, "6": 0.14285714285714285}, "41": {"1": 0.14285714285714285, "2": 0.42857142857142855, "3": 0.14285714285714285, "4": 0.14285714285714285, "6": 0.14285714285714285}, "42": {"1": 0.25, "2": 0.375, "3": 0.125, "4": 0.125, "5": 0.125}, "43": {"2": 0.625, "3": 0.25, "4": 0.125}, "44": {"1": 0.14285714285714285, "2": 0.2857142857142857, "3": 0.2857142857142857, "4": 0.14285714285714285, "5": 0.14285714285714285}, "45": {"1": 0.375, "3": 0.375, "4": 0.25}, "46": {"1": 0.25, "2": 0.25, "3": 0.375, "5": 0.125}, "47": {"1": 0.2857142857142857, "2": 0.14285714285714285, "3": 0.14285714285714285, "4": 0.2857142857142857, "5": 0.14285714285714285}, "48": {"1": 0.2857142857142857, "2": 0.14285714285714285, "3": 0.2857142857142857, "4": 0.14285714285714285, "6": 0.14285714285714285}, "49": {"1": 0.375, "2": 0.125, "3": 0.25, "4": 0.125, "5": 0.125}, "50": {"1": 0.375, "2": 0.25, "3": 0.125, "4": 0.125, "6": 0.125}, "51": {"1": 0.14285714285714285, "2": 0.14285714285714285, "3": 0.5714285714285714, "5": 0.14285714285714285}, "52": {"1": 0.125, "2": 0.5, "3": 0.125, "4": 0.25}, "53": {"1": 0.14285714285714285, "2": 0.2857142857142857, "3": 0.42857142857142855, "6": 0.14285714285714285}, "54": {"1": 0.375, "2": 0.125, "3": 0.375, "6": 0.125}, "55": {"1": 0.14285714285714285, "2": 0.2857142857142857, "3": 0.2857142857142857, "4": 0.14285714285714285, "5": 0.14285714285714285}, "56": {"1": 0.125, "2": 0.5, "3": 0.25, "5": 0.125}, "57": {"1": 0.125, "2": 0.5, "3": 0.125, "4": 0.25}, "58": {"1": 0.2857142857142857, "2": 0.14285714285714285, "3": 0.14285714285714285, "4": 0.2857142857142857, "5": 0.14285714285714285}, "59": {"1": 0.2857142857142857, "2": 0.2857142857142857, "4": 0.2857142857142857, "6": 0.14285714285714285}, "60": {"1": 0.14285714285714285, "2": 0.14285714285714285, "3": 0.5714285714285714, "5": 0.14285714285714285}, "61": {"1": 0.125, "2": 0.375, "3": 0.375, "4": 0.125}, "62": {"1": 0.2857142857142857, "2": 0.2857142857142857, "4": 0.14285714285714285, "5": 0.2857142857142857}, "63": {"2": 0.5714285714285714, "3": 0.14285714285714285, "4": 0.14285714285714285, "5": 0.14285714285714285}, "64": {"1": 0.375, "2": 0.25, "4": 0.25, "5": 0.125}, "65": {"1": 0.25, "2": 0.375, "3": 0.125, "4": 0.125, "5": 0.125}, "66": {"0": 1.0}, "67": {"0": 1.0}, "68": {"0": 1.0}, "69": {"0": 1.0}}, "p4": {"0": {"0": 1.0}, "1": {"0": 1.0}, "2": {"0": 1.0}, "3": {"0": 1.0}, "4": {"0": 1.0}, "5": {"0": 1.0}, "6": {"0": 1.0}, "7": {"0": 1.0}, "8": {"1": 1.0}, "9": {"0": 1.0}, "10": {"0": 1.0}, "11": {"0": 1.0}, "12": {"1": 0.25, "2": 0.25, "3": 0.25, "4": 0.25}, "13": {"2": 1.0}, "14": {"0": 1.0}, "15": {"0": 1.0}, "16": {"1": 0.25, "2": 0.25, "3": 0.25, "4": 0.25}, "17": {"2": 0.75, "3": 0.25}, "18": {"0": 1.0}, "19": {"0": 1.0}, "20": {"1": 0.3333333333333333, "4": 0.6666666666666666}, "21": {"4": 1.0}, "22": {"5": 1.0}, "23": {"0": 1.0}, "24": {"0": 1.0}, "25": {"0": 1.0}, "26": {"0": 1.0}, "27": {"0": 1.0}, "28": {"0": 1.0}, "29": {"2": 1.0}, "30": {"0": 1.0}, "31": {"1": 0.4, "3": 0.4, "4": 0.2}, "32": {"2": 0.5, "4": 0.5}, "33": {"2": 1.0}, "34": {"1": 1.0}, "35": {"1": 1.0}, "36": {"1": 0.3333333333333333, "2": 0.3333333333333333, "3": 0.3333333333333333}, "37": {"2": 0.5, "5": 0.5}, "38": {"3": 1.0}, "39": {"0": 1.0}, "40": {"0": 1.0}, "41": {"0": 1.0}, "42": {"1": 0.5, "3": 0.5}, "43": {"5": 1.0}, "44": {"2": 0.5, "3": 0.5}, "45": {"2": 0.6666666666666666, "5": 0.3333333333333333}, "46": {"0": 1.0}, "47": {"0": 1.0}, "48": {"0": 1.0}, "49": {"0": 1.0}, "50": {"0": 1.0}, "51": {"0": 1.0}, "52": {"0": 1.0}, "53": {"0": 1.0}, "54": {"2": 1.0}, "55": {"2": 0.3333333333333333, "4": 0.3333333333333333, "5": 0.3333333333333333}, "56": {"2": 0.6666666666666666, "3": 0.3333333333333333}, "57": {"1": 0.75, "6": 0.25}, "58": {"1": 0.4, "2": 0.2, "4": 0.2, "5": 0.2}, "59": {"1": 0.6666666666666666, "5": 0.3333333333333333}, "60": {"0": 1.0}, "61": {"1": 0.25, "2": 0.25, "3": 0.25, "5": 0.25}, "62": {"0": 1.0}, "63": {"0": 1.0}, "64": {"3": 0.6666666666666666, "4": 0.3333333333333333}, "65": {"0": 1.0}, "66": {"0": 1.0}, "67": {"0": 1.0}, "68": {"0": 1.0}, "69": {"0": 1.0}}, "p3": {"0": {"0": 1.0}, "1": {"0": 1.0}, "2": {"0": 1.0}, "3": {"0": 1.0}, "4": {"0": 1.0}, "5": {"0": 1.0}, "6": {"0": 1.0}, "7": {"5": 0.5, "14": 0.5}, "8": {"5": 1.0}, "9": {"0": 1.0}, "10": {"10": 1.0}, "11": {"5": 1.0}, "12": {"5": 1.0}, "13": {"0": 1.0}, "14": {"0": 1.0}, "15": {"10": 1.0}, "16": {"0": 1.0}, "17": {"0": 1.0}, "18": {"0": 1.0}, "19": {"5": 0.5, "10": 0.5}, "20": {"5": 1.0}, "21": {"5": 1.0}, "22": {"5": 0.6666666666666666, "9": 0.3333333333333333}, "23": {"5": 1.0}, "24": {"5": 1.0}, "25": {"0": 1.0}, "26": {"0": 1.0}, "27": {"5": 1.0}, "28": {"1": 0.3333333333333333, "5": 0.6666666666666666}, "29": {"5": 1.0}, "30": {"5": 1.0},