{"p0": {"0": 10.0, "1": 10.0, "2": 10.0, "3": 10.0, "4": 10.0, "5": 10.0, "6": 10.0, "7": 10.0, "8": 10.0, "9": 10.0, "10": 10.0, "11": 10.0, "12": 10.0, "13": 10.0, "14": 10.0, "15": 10.0, "16": 10.0, "17": 10.0, "18": 10.0, "19": 10.0, "20": 10.0, "21": 10.0, "22": 10.0, "23": 10.0, "24": 10.0, "25": 10.0, "26": 10.0, "27": 10.0, "28": 10.0, "29": 10.0, "30": 10.0, "31": 10.0, "32": 10.0, "33": 10.0, "34": 10.0, "35": 10.0, "36": 10.0, "37": 10.0, "38": 10.0, "39": 10.0, "40": 10.0, "41": 10.0, "42": 10.0, "43": 10.0, "44": 10.0, "45": 10.0, "46": 10.0, "47": 10.0, "48": 10.0, "49": 10.0, "50": 10.0, "51": 10.0, "52": 10.0, "53": 10.0, "54": 10.0, "55": 10.0, "56": 10.0, "57": 10.0, "58": 10.0, "59": 10.0, "60": 10.0, "61": 10.0, "62": 10.0, "63": 10.0, "64": 10.0, "65": 10.0}, "p4": {"8": 53.0, "12": 53.0, "13": 53.0, "16": 53.0, "17": 53.0, "20": 53.0, "21": 53.0, "22": 53.0, "29": 53.0, "31": 53.0, "32": 53.0, "33": 53.0, "34": 53.0, "35": 53.0, "36": 53.0, "37": 53.0, "38": 53.0, "42": 53.0, "43": 53.0, "44": 53.0, "45": 53.0, "54": 53.0, "55": 53.0, "56": 53.0, "57": 53.0, "58": 53.0, "59": 53.0, "61": 53.0, "64": 53.0}, "p3": {"7": 55.26315789473684, "8": 56.0, "10": 56.0, "11": 56.0, "12": 58.0, "15": 58.0, "19": 44.666666666666664, "20": 58.0, "21": 58.0, "22": 56.0, "23": 57.0, "24": 58.0, "27": 56.0, "28": 57.09090909090909, "29": 57.5, "30": 58.0, "34": 56.0, "35": 56.0, "36": 50.833333333333336, "37": 57.0, "38": 58.0, "40": 56.0, "41": 58.0, "42": 56.0, "43": 58.0, "44": 58.0, "45": 20.0, "46": 20.0, "47": 59.0, "51": 58.0, "52": 38.0, "53": 58.0, "54": 58.0, "55": 38.0, "59": 56.0, "60": 38.0, "61": 58.0, "63": 57.333333333333336, "64": 55.0, "68": 58.0, "69": 57.0}, "p1": {"2": 10.0, "3": 11.0, "5": 31.23076923076923, "6": 29.0, "7": 34.0, "8": 31.0, "10": 10.0, "11": 33.18181818181818, "13": 10.0, "15": 39.0, "17": 11.0, "18": 39.6, "21": 36.666666666666664, "23": 33.44444444444444, "24": 11.0, "27": 10.5, "32": 32.166666666666664, "33": 39.0, "34": 10.0, "36": 36.0, "38": 11.0, "39": 32.67741935483871, "40": 37.0, "42": 39.0, "44": 10.0, "45": 29.0, "46": 39.0, "47": 31.6, "49": 25.473684210526315, "50": 10.0, "51": 38.0, "52": 40.0, "54": 10.0, "57": 18.666666666666668, "60": 39.22222222222222, "61": 40.0, "64": 11.0, "65": 14.0, "67": 39.0}, "p2": {"5": 15.0, "7": 14.375, "9": 29.857142857142858, "10": 28.0, "12": 41.0, "18": 15.0, "19": 43.0, "20": 41.0, "21": 43.0, "22": 36.0, "23": 15.0, "24": 15.0, "27": 42.0, "28": 28.0, "29": 28.0, "30": 41.0, "35": 15.0, "36": 41.0, "37": 28.0, "38": 24.285714285714285, "41": 43.0, "42": 15.0, "44": 41.0, "48": 32.642857142857146, "49": 15.0, "51": 28.0, "52": 28.0, "57": 28.0, "58": 43.0, "60": 41.0, "62": 15.0, "63": 15.0, "64": 15.0}, "NaN": {}}