{"p0": {"0": 10.0, "1": 10.0, "2": 10.0, "3": 10.0, "4": 10.0, "5": 10.0, "6": 10.0, "7": 10.0, "8": 10.0, "9": 10.0, "10": 10.0, "11": 10.0, "12": 10.0, "13": 10.0, "14": 10.0, "15": 10.0, "16": 10.0, "17": 10.0, "18": 10.0, "19": 10.0, "20": 10.0, "21": 10.0, "22": 10.0, "23": 10.0, "24": 10.0, "25": 10.0, "26": 10.0, "27": 10.0, "28": 10.0, "29": 10.0, "30": 10.0, "31": 10.0, "32": 10.0, "33": 10.0, "34": 10.0, "35": 10.0, "36": 10.0, "37": 10.0, "38": 10.0, "39": 10.0, "40": 10.0, "41": 10.0, "42": 10.0, "43": 10.0, "44": 10.0, "45": 10.0, "46": 10.0}, "p1": {"2": 13.680710659898477, "3": 20.11873080859775, "4": 24.059511698880975, "5": 25.939733558891945, "6": 26.001146413363905, "7": 27.295725837504815, "8": 26.682849936948298, "9": 26.70103839652258, "10": 26.939426427231304, "11": 26.071116292626055, "12": 26.55392405063291, "13": 25.751034126163393, "14": 27.353350739773717, "15": 27.949351602642526, "16": 26.18580375782881, "17": 26.839182178822092, "18": 25.485880398671096, "19": 26.31180158081221, "20": 26.328874024526197, "21": 26.4155350353069, "22": 25.67232142857143, "23": 25.834079462786793, "24": 25.40766871165644, "25": 25.99303663336361, "26": 25.424335065729135, "27": 25.251009630319974, "28": 25.94043022614451, "29": 25.1970780230028, "30": 26.238554881412025, "31": 25.435282837967403, "32": 24.98227848101266, "33": 24.090055632823365, "34": 24.449688093300786, "35": 24.523053435114505, "36": 24.00192246074976, "37": 24.021052631578947, "38": 24.704021094264995, "39": 24.69650937297996, "40": 24.86594079618918, "41": 23.073640743289744, "42": 23.484369253401987, "43": 22.552083333333332, "44": 21.861377506538798, "45": 21.20379403794038, "46": 21.7829373650108, "47": 25.634146341463413, "48": 29.129032258064516, "49": 26.083665338645417}, "p2": {"3": 24.23076923076923, "4": 25.488179669030732, "5": 26.801398601398603, "6": 27.202544031311156, "7": 31.399007254677358, "8": 30.622442839951866, "9": 34.07516339869281, "10": 35.714699074074076, "11": 34.06968529222865, "12": 33.75346260387812, "13": 35.05893682588598, "14": 34.317802197802195, "15": 33.21514098107377, "16": 32.40031092110377, "17": 32.40707635009311, "18": 33.026256564141036, "19": 32.76426116838488, "20": 34.604962583694366, "21": 36.63247553461399, "22": 36.52683295540439, "23": 35.002685464921115, "24": 35.84237349836185, "25": 35.303018424147396, "26": 35.741222879684415, "27": 35.43165750196386, "28": 34.20993403181995, "29": 34.296716184519155, "30": 35.15159944367176, "31": 34.69395924308588, "32": 35.17195385724585, "33": 34.017768595041325, "34": 34.54230293025175, "35": 35.65643952907599, "36": 34.82629266644137, "37": 34.67525562372188, "38": 33.951305575158784, "39": 33.455249903138316, "40": 35.03378640776699, "41": 34.64908167252833, "42": 33.951347004423, "43": 33.10798548094374, "44": 34.227084292952554, "45": 36.27961847389558, "46": 36.58837209302325, "47": 37.59025133282559, "48": 44.02278481012658, "49": 42.69367588932806}, "p3": {"3": 35.82872340425532, "4": 35.96471107190119, "5": 35.69504707327057, "6": 36.1959409594096, "7": 36.074959612277866, "8": 36.57208387942333, "9": 36.20232485076971, "10": 36.34861071326267, "11": 36.58070444104135, "12": 36.5835286240375, "13": 36.183022922636106, "14": 36.04042179261863, "15": 36.59289300888374, "16": 36.54646544876886, "17": 36.56511444356748, "18": 36.431591543677705, "19": 36.74514663362247, "20": 36.42522694696608, "21": 36.56244384546272, "22": 36.411508704061895, "23": 36.17932489451477, "24": 37.11336515513126, "25": 36.97599531615925, "26": 36.80272550292018, "27": 36.34505761067314, "28": 36.1548093340922, "29": 36.169213973799124, "30": 36.277431720172494, "31": 35.980206927575345, "32": 36.5393457117595, "33": 36.64033970276009, "34": 36.91219096334186, "35": 36.636245674740486, "36": 36.95098449937159, "37": 36.977777777777774, "38": 37.181932245922205, "39": 37.107271996785855, "40": 36.86766491299069, "41": 36.67732558139535, "42": 36.77080551846907, "43": 36.53640350877193, "44": 36.78740490278952, "45": 36.85772541912098, "46": 36.816, "47": 36.94077997111218, "48": 36.1831566548881, "49": 36.20137299771167}}